{"cameraMode":{"drawMode":0,"name":"Shaded","section":"Shading Mode"},"sceneLighting":true,"audioPlay":false,"sceneViewState":{"m_AlwaysRefresh":false,"showFog":true,"showSkybox":true,"showFlares":true,"showImageEffects":true,"showParticleSystems":true,"showVisualEffectGraphs":true,"m_FxEnabled":true},"in2DMode":false,"pivot":{"x":-0.2296275496482849,"y":0.9403830766677856,"z":0.22707155346870423},"rotation":{"x":0.2057727426290512,"y":-0.07688573747873306,"z":0.016225706785917283,"w":0.9754719734191895},"size":0.0243971087038517,"orthographic":false}