{"cameraMode":{"drawMode":0,"name":"Shaded","section":"Shading Mode"},"sceneLighting":true,"audioPlay":false,"sceneViewState":{"m_AlwaysRefresh":false,"showFog":true,"showSkybox":true,"showFlares":true,"showImageEffects":true,"showParticleSystems":true,"showVisualEffectGraphs":true,"m_FxEnabled":true},"in2DMode":false,"pivot":{"x":0.12094367295503617,"y":0.42960691452026369,"z":1.6252979040145875},"rotation":{"x":0.20249208807945252,"y":0.12097977846860886,"z":-0.025217726826667787,"w":0.9714530110359192},"size":0.9129793643951416,"orthographic":false}