{"cameraMode":{"drawMode":0,"name":"Shaded","section":"Shading Mode"},"sceneLighting":true,"audioPlay":false,"sceneViewState":{"m_AlwaysRefresh":false,"showFog":true,"showSkybox":true,"showFlares":true,"showImageEffects":true,"showParticleSystems":true,"showVisualEffectGraphs":true,"m_FxEnabled":true},"in2DMode":false,"pivot":{"x":-0.01958519220352173,"y":1.003051519393921,"z":0.21997541189193726},"rotation":{"x":0.06616070121526718,"y":-0.31962648034095766,"z":0.022382458671927453,"w":0.9449787139892578},"size":0.5000511407852173,"orthographic":false}