{"cameraMode":{"drawMode":0,"name":"Shaded","section":"Shading Mode"},"sceneLighting":true,"audioPlay":false,"sceneViewState":{"m_AlwaysRefresh":false,"showFog":true,"showSkybox":true,"showFlares":true,"showImageEffects":true,"showParticleSystems":true,"showVisualEffectGraphs":true,"m_FxEnabled":true},"in2DMode":false,"pivot":{"x":0.1252370923757553,"y":0.916827917098999,"z":0.13737283647060395},"rotation":{"x":-0.20560118556022645,"y":0.36718514561653139,"z":-0.08360369503498078,"w":-0.9032993912696838},"size":0.1051868125796318,"orthographic":false}